"x";"HAADF";"Co";"Ni";"Ru"
"Position";"Intensity";"Atomic fraction";"Atomic fraction";"Atomic fraction"
"m";"Counts";"mol/mol";"mol/mol";"mol/mol"
0.000000e+00;3.547789e+04;4.062767e-01;4.667376e-01;1.269857e-01
9.292865e-11;3.547792e+04;4.099250e-01;4.595866e-01;1.304882e-01
1.858573e-10;3.547764e+04;4.027122e-01;4.697327e-01;1.275555e-01
2.787860e-10;3.547511e+04;4.038346e-01;4.690989e-01;1.270661e-01
3.717146e-10;3.548040e+04;4.092745e-01;4.595963e-01;1.311296e-01
4.646433e-10;3.547904e+04;4.131454e-01;4.633275e-01;1.235272e-01
5.575719e-10;3.547355e+04;4.146894e-01;4.672329e-01;1.180780e-01
6.505006e-10;3.547554e+04;4.133959e-01;4.637282e-01;1.228758e-01
7.434292e-10;3.547023e+04;4.117567e-01;4.646942e-01;1.235494e-01
8.363579e-10;3.547534e+04;4.103539e-01;4.653659e-01;1.242806e-01
9.292865e-10;3.547767e+04;4.074140e-01;4.634946e-01;1.290915e-01
1.022215e-09;3.547929e+04;4.048376e-01;4.643251e-01;1.308373e-01
1.115144e-09;3.547784e+04;4.094526e-01;4.628829e-01;1.276642e-01
1.208072e-09;3.548332e+04;4.088348e-01;4.624369e-01;1.287282e-01
1.301001e-09;3.548407e+04;4.120611e-01;4.545399e-01;1.333991e-01
1.393930e-09;3.548288e+04;4.080193e-01;4.591410e-01;1.328395e-01
1.486858e-09;3.547866e+04;4.075086e-01;4.615007e-01;1.309912e-01
1.579787e-09;3.547771e+04;4.080359e-01;4.611176e-01;1.308469e-01
1.672716e-09;3.547629e+04;4.078444e-01;4.667229e-01;1.254326e-01
1.765644e-09;3.547146e+04;4.045798e-01;4.698168e-01;1.256035e-01
1.858573e-09;3.546846e+04;4.068570e-01;4.615322e-01;1.316108e-01
1.951502e-09;3.546502e+04;4.080364e-01;4.617380e-01;1.302265e-01
2.044430e-09;3.546111e+04;4.064341e-01;4.646293e-01;1.289365e-01
2.137359e-09;3.545995e+04;4.075809e-01;4.659110e-01;1.265084e-01
2.230288e-09;3.544963e+04;4.134742e-01;4.621397e-01;1.243859e-01
2.323216e-09;3.545209e+04;4.082194e-01;4.663320e-01;1.254483e-01
2.416145e-09;3.544600e+04;4.126039e-01;4.619872e-01;1.254091e-01
2.509074e-09;3.544298e+04;4.134628e-01;4.616595e-01;1.248775e-01
2.602002e-09;3.543289e+04;4.172272e-01;4.611424e-01;1.216309e-01
2.694931e-09;3.543472e+04;4.093491e-01;4.671425e-01;1.235079e-01
2.787860e-09;3.542982e+04;4.068837e-01;4.713654e-01;1.217511e-01
2.880788e-09;3.542677e+04;4.097606e-01;4.680640e-01;1.221753e-01
2.973717e-09;3.542248e+04;4.090562e-01;4.668940e-01;1.240501e-01
3.066646e-09;3.541848e+04;4.103616e-01;4.595239e-01;1.301153e-01
3.159574e-09;3.541682e+04;4.099083e-01;4.595164e-01;1.305750e-01
3.252503e-09;3.541860e+04;4.073996e-01;4.651051e-01;1.274953e-01
3.345431e-09;3.540866e+04;4.107813e-01;4.642652e-01;1.249534e-01
3.438360e-09;3.540589e+04;4.135196e-01;4.646943e-01;1.217858e-01
3.531289e-09;3.539997e+04;4.089444e-01;4.640496e-01;1.270064e-01
3.624217e-09;3.540207e+04;4.076569e-01;4.648435e-01;1.274995e-01
3.717146e-09;3.539662e+04;4.035205e-01;4.678859e-01;1.285937e-01
3.810075e-09;3.539504e+04;4.123956e-01;4.623368e-01;1.252672e-01
3.903003e-09;3.539761e+04;4.114170e-01;4.666908e-01;1.218918e-01
3.995932e-09;3.539261e+04;4.041461e-01;4.740439e-01;1.218105e-01
4.088861e-09;3.538286e+04;4.089162e-01;4.679701e-01;1.231136e-01
4.181789e-09;3.537521e+04;4.092016e-01;4.648427e-01;1.259556e-01
4.274718e-09;3.537353e+04;4.124556e-01;4.630666e-01;1.244779e-01
4.367647e-09;3.537480e+04;4.106271e-01;4.623026e-01;1.270702e-01
4.460575e-09;3.536641e+04;4.077160e-01;4.613532e-01;1.309303e-01
4.553504e-09;3.535886e+04;4.045554e-01;4.685641e-01;1.268796e-01
4.646433e-09;3.534930e+04;4.102203e-01;4.652626e-01;1.245174e-01
4.739361e-09;3.534707e+04;4.073184e-01;4.676619e-01;1.250192e-01
4.832290e-09;3.533678e+04;4.155856e-01;4.615454e-01;1.228696e-01
4.925219e-09;3.533243e+04;4.084081e-01;4.678899e-01;1.237021e-01
5.018147e-09;3.532739e+04;4.093414e-01;4.639941e-01;1.266647e-01
5.111076e-09;3.532292e+04;4.161614e-01;4.579232e-01;1.259152e-01
5.204005e-09;3.532203e+04;4.193994e-01;4.584029e-01;1.221977e-01
5.296933e-09;3.531574e+04;4.105193e-01;4.614567e-01;1.280244e-01
5.389862e-09;3.531051e+04;4.103472e-01;4.585984e-01;1.310542e-01
5.482790e-09;3.530579e+04;4.085865e-01;4.588468e-01;1.325665e-01
5.575719e-09;3.530157e+04;4.089539e-01;4.606614e-01;1.303849e-01
5.668648e-09;3.529932e+04;4.057843e-01;4.646043e-01;1.296110e-01
5.761576e-09;3.529508e+04;4.038369e-01;4.700454e-01;1.261178e-01
5.854505e-09;3.529436e+04;4.081728e-01;4.626611e-01;1.291658e-01
5.947434e-09;3.528734e+04;4.098481e-01;4.544000e-01;1.357517e-01
6.040362e-09;3.528679e+04;4.100423e-01;4.612329e-01;1.287247e-01
6.133291e-09;3.528953e+04;4.094516e-01;4.654357e-01;1.251134e-01
6.226220e-09;3.529010e+04;4.090193e-01;4.631572e-01;1.278231e-01
6.319148e-09;3.528816e+04;4.105953e-01;4.579911e-01;1.314140e-01
6.412077e-09;3.528633e+04;4.098025e-01;4.610144e-01;1.291832e-01
6.505006e-09;3.528009e+04;4.122241e-01;4.609161e-01;1.268596e-01
6.597934e-09;3.528035e+04;4.078598e-01;4.660545e-01;1.260859e-01
6.690863e-09;3.528430e+04;4.110666e-01;4.632159e-01;1.257170e-01
6.783792e-09;3.528496e+04;4.115510e-01;4.573478e-01;1.311013e-01
6.876720e-09;3.527797e+04;4.050127e-01;4.627309e-01;1.322563e-01
6.969649e-09;3.527834e+04;4.100824e-01;4.609456e-01;1.289718e-01
7.062578e-09;3.528213e+04;4.148923e-01;4.541857e-01;1.309216e-01
7.155506e-09;3.528356e+04;4.091399e-01;4.634370e-01;1.274236e-01
7.248435e-09;3.527866e+04;4.029860e-01;4.706725e-01;1.263411e-01
7.341364e-09;3.527710e+04;4.114916e-01;4.673061e-01;1.212025e-01
7.434292e-09;3.528173e+04;4.142271e-01;4.628224e-01;1.229501e-01
7.527221e-09;3.528270e+04;4.144539e-01;4.607146e-01;1.248314e-01
7.620149e-09;3.528210e+04;4.179613e-01;4.583229e-01;1.237156e-01
7.713078e-09;3.527950e+04;4.094501e-01;4.662768e-01;1.242732e-01
7.806007e-09;3.527752e+04;4.074847e-01;4.647183e-01;1.277968e-01
7.898935e-09;3.527808e+04;4.107872e-01;4.599074e-01;1.293056e-01
7.991864e-09;3.527231e+04;4.071251e-01;4.625579e-01;1.303172e-01
8.084793e-09;3.527223e+04;4.081807e-01;4.661599e-01;1.256596e-01
8.177721e-09;3.527079e+04;4.056234e-01;4.624268e-01;1.319501e-01
8.270650e-09;3.526888e+04;4.056566e-01;4.659752e-01;1.283683e-01
8.363579e-09;3.526654e+04;4.044615e-01;4.634116e-01;1.321270e-01
8.456507e-09;3.526153e+04;4.087596e-01;4.644606e-01;1.267798e-01
8.549436e-09;3.526288e+04;4.078886e-01;4.675161e-01;1.245950e-01
8.642365e-09;3.525566e+04;4.109836e-01;4.678685e-01;1.211480e-01
8.735293e-09;3.526029e+04;4.186404e-01;4.626459e-01;1.187134e-01
8.828222e-09;3.526160e+04;4.171857e-01;4.621162e-01;1.206985e-01
8.921151e-09;3.526213e+04;4.098312e-01;4.686092e-01;1.215600e-01
9.014079e-09;3.526159e+04;4.115741e-01;4.664324e-01;1.219935e-01
9.107008e-09;3.525818e+04;4.122701e-01;4.636114e-01;1.241188e-01
9.199937e-09;3.526171e+04;4.071221e-01;4.630632e-01;1.298145e-01
9.292865e-09;3.526113e+04;4.033465e-01;4.641128e-01;1.325404e-01
9.385794e-09;3.525866e+04;4.038341e-01;4.648546e-01;1.313112e-01
9.478723e-09;3.525995e+04;4.083876e-01;4.612898e-01;1.303222e-01
9.571651e-09;3.526479e+04;4.106652e-01;4.642771e-01;1.250581e-01
9.664580e-09;3.526359e+04;4.087594e-01;4.683954e-01;1.228454e-01
9.757508e-09;3.526429e+04;4.040718e-01;4.664713e-01;1.294568e-01
9.850437e-09;3.526627e+04;4.049506e-01;4.649344e-01;1.301152e-01
9.943366e-09;3.526398e+04;4.088798e-01;4.572122e-01;1.339076e-01
1.003629e-08;3.526111e+04;4.098321e-01;4.589618e-01;1.312065e-01
1.012922e-08;3.526556e+04;4.153337e-01;4.614978e-01;1.231680e-01
1.022215e-08;3.526545e+04;4.143019e-01;4.561788e-01;1.295197e-01
1.031508e-08;3.525877e+04;4.091251e-01;4.641104e-01;1.267647e-01
1.040801e-08;3.525086e+04;4.095638e-01;4.657008e-01;1.247358e-01
1.050094e-08;3.525870e+04;4.103989e-01;4.653646e-01;1.242361e-01
1.059387e-08;3.525406e+04;4.095001e-01;4.597154e-01;1.307848e-01
1.068679e-08;3.525484e+04;4.073281e-01;4.660259e-01;1.266464e-01
1.077972e-08;3.525736e+04;4.097637e-01;4.605756e-01;1.296611e-01
1.087265e-08;3.526076e+04;4.174803e-01;4.570349e-01;1.254853e-01
1.096558e-08;3.526467e+04;4.140483e-01;4.618606e-01;1.240912e-01
1.105851e-08;3.526480e+04;4.094537e-01;4.675225e-01;1.230236e-01
1.115144e-08;3.527112e+04;4.110672e-01;4.696984e-01;1.192344e-01
1.124437e-08;3.527443e+04;4.039132e-01;4.661501e-01;1.299363e-01
1.133730e-08;3.527728e+04;4.044715e-01;4.643036e-01;1.312247e-01
1.143022e-08;3.527955e+04;4.037148e-01;4.691626e-01;1.271228e-01
1.152315e-08;3.528721e+04;4.097220e-01;4.605650e-01;1.297129e-01
1.161608e-08;3.528993e+04;4.090765e-01;4.666223e-01;1.243014e-01
1.170901e-08;3.529683e+04;4.110567e-01;4.679697e-01;1.209740e-01
1.180194e-08;3.530380e+04;4.141987e-01;4.666479e-01;1.191536e-01
1.189487e-08;3.530248e+04;4.062631e-01;4.602535e-01;1.334840e-01
1.198780e-08;3.530988e+04;4.046845e-01;4.617680e-01;1.335475e-01
1.208072e-08;3.531399e+04;4.036194e-01;4.657673e-01;1.306136e-01
1.217365e-08;3.531264e+04;4.090573e-01;4.635640e-01;1.273791e-01
1.226658e-08;3.532571e+04;4.045681e-01;4.643273e-01;1.311046e-01
1.235951e-08;3.533109e+04;4.072567e-01;4.623715e-01;1.303719e-01
1.245244e-08;3.533955e+04;4.045615e-01;4.642881e-01;1.311500e-01
1.254537e-08;3.534243e+04;4.057195e-01;4.639655e-01;1.303151e-01
1.263830e-08;3.534918e+04;4.050605e-01;4.627796e-01;1.321603e-01
1.273123e-08;3.535930e+04;4.101841e-01;4.626055e-01;1.272107e-01
1.282415e-08;3.535972e+04;4.048321e-01;4.635321e-01;1.316361e-01
1.291708e-08;3.536505e+04;4.054367e-01;4.599797e-01;1.345840e-01
1.301001e-08;3.538080e+04;4.124841e-01;4.546536e-01;1.328623e-01
1.310294e-08;3.538930e+04;4.094160e-01;4.584712e-01;1.321131e-01
1.319587e-08;3.539600e+04;4.096808e-01;4.635589e-01;1.267601e-01
1.328880e-08;3.540369e+04;4.106791e-01;4.644899e-01;1.248309e-01
1.338173e-08;3.541425e+04;4.113250e-01;4.668422e-01;1.218330e-01
1.347465e-08;3.541898e+04;4.112004e-01;4.590949e-01;1.297042e-01
1.356758e-08;3.542970e+04;4.115633e-01;4.619769e-01;1.264596e-01
1.366051e-08;3.543282e+04;4.038975e-01;4.687712e-01;1.273315e-01
1.375344e-08;3.543945e+04;4.103417e-01;4.669931e-01;1.226653e-01
1.384637e-08;3.544136e+04;4.154993e-01;4.585882e-01;1.259124e-01
1.393930e-08;3.545115e+04;4.115926e-01;4.580081e-01;1.303989e-01
1.403223e-08;3.545939e+04;4.141558e-01;4.596315e-01;1.262123e-01
1.412516e-08;3.546446e+04;4.103015e-01;4.665826e-01;1.231158e-01
1.421808e-08;3.546644e+04;4.055312e-01;4.672500e-01;1.272190e-01
1.431101e-08;3.547637e+04;4.081794e-01;4.664336e-01;1.253867e-01
1.440394e-08;3.548381e+04;4.118909e-01;4.638091e-01;1.243000e-01
1.449687e-08;3.548071e+04;4.121034e-01;4.622782e-01;1.256189e-01
1.458980e-08;3.548541e+04;4.121475e-01;4.595431e-01;1.283095e-01
1.468273e-08;3.548757e+04;4.080358e-01;4.680348e-01;1.239294e-01
1.477566e-08;3.549130e+04;4.094314e-01;4.676650e-01;1.229039e-01
1.486858e-08;3.549182e+04;4.120890e-01;4.665528e-01;1.213584e-01
1.496151e-08;3.549791e+04;4.112735e-01;4.631611e-01;1.255656e-01
1.505444e-08;3.549598e+04;4.075251e-01;4.657979e-01;1.266769e-01
1.514737e-08;3.549570e+04;4.088188e-01;4.699538e-01;1.212269e-01
1.524030e-08;3.549589e+04;4.075828e-01;4.667158e-01;1.257010e-01
1.533323e-08;3.550753e+04;4.068436e-01;4.641501e-01;1.290061e-01
1.542616e-08;3.550175e+04;4.082086e-01;4.622662e-01;1.295255e-01
1.551908e-08;3.550538e+04;4.063130e-01;4.643212e-01;1.293659e-01
1.561201e-08;3.550281e+04;4.048180e-01;4.653559e-01;1.298256e-01
1.570494e-08;3.550166e+04;4.091641e-01;4.618380e-01;1.289979e-01
1.579787e-08;3.550235e+04;4.099764e-01;4.616660e-01;1.283577e-01
1.589080e-08;3.549926e+04;4.095865e-01;4.609250e-01;1.294887e-01
1.598373e-08;3.549812e+04;4.092290e-01;4.582784e-01;1.324924e-01
1.607666e-08;3.549716e+04;4.037201e-01;4.647071e-01;1.315728e-01
1.616959e-08;3.549978e+04;4.150803e-01;4.646356e-01;1.202841e-01
1.626251e-08;3.550021e+04;4.139284e-01;4.607880e-01;1.252834e-01
1.635544e-08;3.549741e+04;4.083365e-01;4.608457e-01;1.308175e-01
1.644837e-08;3.549701e+04;4.069551e-01;4.607872e-01;1.322575e-01
1.654130e-08;3.549602e+04;4.097013e-01;4.612111e-01;1.290877e-01
1.663423e-08;3.549007e+04;4.082569e-01;4.640876e-01;1.276557e-01
1.672716e-08;3.548920e+04;4.125995e-01;4.681181e-01;1.192823e-01
1.682009e-08;3.548062e+04;4.061466e-01;4.690956e-01;1.247575e-01
1.691301e-08;3.548067e+04;4.070820e-01;4.691429e-01;1.237749e-01
1.700594e-08;3.547582e+04;4.139662e-01;4.621147e-01;1.239185e-01
1.709887e-08;3.547649e+04;4.086593e-01;4.671200e-01;1.242203e-01
1.719180e-08;3.547425e+04;4.116275e-01;4.686973e-01;1.196749e-01
1.728473e-08;3.547637e+04;4.088577e-01;4.649664e-01;1.261756e-01
1.737766e-08;3.548068e+04;4.068703e-01;4.685588e-01;1.245713e-01
1.747059e-08;3.547898e+04;4.087901e-01;4.681689e-01;1.230409e-01
1.756352e-08;3.547560e+04;4.110669e-01;4.638490e-01;1.250841e-01
1.765644e-08;3.547839e+04;4.086712e-01;4.635827e-01;1.277462e-01
1.774937e-08;3.548002e+04;4.077139e-01;4.646875e-01;1.275986e-01
1.784230e-08;3.548068e+04;4.049398e-01;4.639958e-01;1.310645e-01
1.793523e-08;3.548193e+04;4.087067e-01;4.621278e-01;1.291655e-01
1.802816e-08;3.548633e+04;4.071075e-01;4.580238e-01;1.348688e-01
1.812109e-08;3.549265e+04;4.055795e-01;4.629256e-01;1.314942e-01
1.821402e-08;3.549226e+04;4.071234e-01;4.672109e-01;1.256657e-01
1.830694e-08;3.548815e+04;4.073882e-01;4.645233e-01;1.280890e-01
1.839987e-08;3.549706e+04;4.150327e-01;4.618732e-01;1.230939e-01
1.849280e-08;3.550323e+04;4.088038e-01;4.673664e-01;1.238302e-01
1.858573e-08;3.550263e+04;4.144444e-01;4.593863e-01;1.261694e-01
1.867866e-08;3.551171e+04;4.092846e-01;4.584168e-01;1.322986e-01
1.877159e-08;3.552002e+04;4.099873e-01;4.594250e-01;1.305874e-01
1.886452e-08;3.553097e+04;4.105288e-01;4.632741e-01;1.261968e-01
1.895745e-08;3.553581e+04;4.180757e-01;4.604016e-01;1.215220e-01
1.905037e-08;3.554375e+04;4.082291e-01;4.645408e-01;1.272300e-01
1.914330e-08;3.554929e+04;4.063491e-01;4.651354e-01;1.285159e-01
1.923623e-08;3.554911e+04;4.056355e-01;4.670611e-01;1.273034e-01
1.932916e-08;3.555627e+04;4.092934e-01;4.627021e-01;1.280041e-01
1.942209e-08;3.555839e+04;4.114821e-01;4.610772e-01;1.274405e-01
1.951502e-08;3.556660e+04;4.123291e-01;4.580861e-01;1.295846e-01
1.960795e-08;3.557376e+04;4.102851e-01;4.640616e-01;1.256529e-01
1.970087e-08;3.557696e+04;4.071323e-01;4.623835e-01;1.304842e-01
1.979380e-08;3.558736e+04;4.094395e-01;4.607962e-01;1.297641e-01
1.988673e-08;3.558891e+04;4.067249e-01;4.609383e-01;1.323368e-01
1.997966e-08;3.559179e+04;4.064343e-01;4.623047e-01;1.312610e-01
2.007259e-08;3.559175e+04;4.054500e-01;4.679144e-01;1.266354e-01
2.016552e-08;3.559377e+04;4.051495e-01;4.666308e-01;1.282198e-01
2.025845e-08;3.559774e+04;4.064499e-01;4.594558e-01;1.340944e-01
2.035137e-08;3.559372e+04;4.093388e-01;4.617132e-01;1.289477e-01
2.044430e-08;3.559436e+04;4.092248e-01;4.637531e-01;1.270218e-01
2.053723e-08;3.559348e+04;4.101181e-01;4.639059e-01;1.259760e-01
2.063016e-08;3.559179e+04;4.148356e-01;4.595074e-01;1.256570e-01
2.072309e-08;3.559257e+04;4.139212e-01;4.575856e-01;1.284931e-01
2.081602e-08;3.559914e+04;4.087636e-01;4.655243e-01;1.257124e-01
2.090895e-08;3.559946e+04;4.072283e-01;4.672167e-01;1.255554e-01
2.100188e-08;3.560330e+04;4.080966e-01;4.646671e-01;1.272366e-01
2.109480e-08;3.559804e+04;4.132749e-01;4.593748e-01;1.273504e-01
2.118773e-08;3.559436e+04;4.135898e-01;4.605991e-01;1.258107e-01
2.128066e-08;3.560074e+04;4.115289e-01;4.626579e-01;1.258132e-01
2.137359e-08;3.560657e+04;4.105103e-01;4.603191e-01;1.291710e-01
2.146652e-08;3.560847e+04;4.117142e-01;4.605042e-01;1.277815e-01
2.155945e-08;3.560728e+04;4.078137e-01;4.646765e-01;1.275100e-01
2.165238e-08;3.560596e+04;4.135506e-01;4.646018e-01;1.218472e-01
2.174530e-08;3.560811e+04;4.057470e-01;4.651055e-01;1.291477e-01
2.183823e-08;3.561462e+04;4.019210e-01;4.661354e-01;1.319433e-01
2.193116e-08;3.561479e+04;4.098494e-01;4.609638e-01;1.291869e-01
2.202409e-08;3.562229e+04;4.129805e-01;4.644538e-01;1.225650e-01
2.211702e-08;3.562126e+04;4.103795e-01;4.712643e-01;1.183561e-01
2.220995e-08;3.562764e+04;4.105746e-01;4.630369e-01;1.263883e-01
2.230288e-08;3.563141e+04;4.037991e-01;4.662267e-01;1.299738e-01
2.239581e-08;3.562937e+04;4.112003e-01;4.656537e-01;1.231459e-01
2.248873e-08;3.563292e+04;4.105902e-01;4.618964e-01;1.275133e-01
2.258166e-08;3.563817e+04;4.115621e-01;4.598373e-01;1.286007e-01
2.267459e-08;3.563445e+04;4.101066e-01;4.613577e-01;1.285356e-01
2.276752e-08;3.564091e+04;4.091636e-01;4.622568e-01;1.285795e-01
2.286045e-08;3.564235e+04;4.019521e-01;4.732022e-01;1.248454e-01
2.295338e-08;3.564823e+04;4.052860e-01;4.639252e-01;1.307891e-01
2.304631e-08;3.564530e+04;4.029409e-01;4.673351e-01;1.297237e-01
2.313923e-08;3.564405e+04;4.044650e-01;4.598828e-01;1.356518e-01
2.323216e-08;3.565180e+04;4.071206e-01;4.566932e-01;1.361859e-01
2.332509e-08;3.564905e+04;4.136364e-01;4.591976e-01;1.271663e-01
2.341802e-08;3.564638e+04;4.121490e-01;4.603685e-01;1.274823e-01
2.351095e-08;3.564814e+04;4.059471e-01;4.650938e-01;1.289589e-01
2.360388e-08;3.564863e+04;4.075058e-01;4.667098e-01;1.257843e-01
2.369681e-08;3.565046e+04;4.071256e-01;4.691812e-01;1.236928e-01
2.378973e-08;3.564811e+04;4.106425e-01;4.618104e-01;1.275469e-01
2.388266e-08;3.565433e+04;4.072928e-01;4.649345e-01;1.277727e-01
2.397559e-08;3.566037e+04;4.087585e-01;4.612926e-01;1.299493e-01
2.406852e-08;3.565895e+04;4.073925e-01;4.597810e-01;1.328268e-01
2.416145e-08;3.565946e+04;4.059839e-01;4.619229e-01;1.320933e-01
2.425438e-08;3.566484e+04;4.092976e-01;4.607120e-01;1.299912e-01
2.434731e-08;3.567152e+04;4.115704e-01;4.602970e-01;1.281323e-01
2.444024e-08;3.566433e+04;4.095417e-01;4.669393e-01;1.235185e-01
2.453316e-08;3.566930e+04;4.148228e-01;4.607029e-01;1.244741e-01
2.462609e-08;3.566914e+04;4.124965e-01;4.633758e-01;1.241278e-01
2.471902e-08;3.567135e+04;4.035393e-01;4.671310e-01;1.293301e-01
2.481195e-08;3.567351e+04;4.066845e-01;4.629617e-01;1.303539e-01
2.490488e-08;3.567425e+04;4.065196e-01;4.655752e-01;1.279055e-01
2.499781e-08;3.568351e+04;4.076631e-01;4.632044e-01;1.291327e-01
2.509074e-08;3.568250e+04;4.144995e-01;4.582710e-01;1.272293e-01
2.518366e-08;3.567774e+04;4.087021e-01;4.646355e-01;1.266623e-01
2.527659e-08;3.568751e+04;4.119841e-01;4.678556e-01;1.201605e-01
2.536952e-08;3.568739e+04;4.117548e-01;4.603889e-01;1.278567e-01
2.546245e-08;3.568914e+04;4.099869e-01;4.612791e-01;1.287341e-01
2.555538e-08;3.568708e+04;4.122702e-01;4.658864e-01;1.218433e-01
2.564831e-08;3.568975e+04;4.120704e-01;4.676135e-01;1.203160e-01
2.574124e-08;3.569654e+04;4.103521e-01;4.648656e-01;1.247823e-01
2.583417e-08;3.569046e+04;4.121493e-01;4.625134e-01;1.253372e-01
2.592709e-08;3.568666e+04;4.096660e-01;4.632377e-01;1.270963e-01
2.602002e-08;3.569889e+04;4.062362e-01;4.622464e-01;1.315176e-01
2.611295e-08;3.570302e+04;4.039330e-01;4.661832e-01;1.298837e-01
2.620588e-08;3.570189e+04;4.071618e-01;4.650094e-01;1.278292e-01
2.629881e-08;3.570193e+04;4.076724e-01;4.650437e-01;1.272839e-01
2.639174e-08;3.570781e+04;4.089011e-01;4.610713e-01;1.300277e-01
2.648467e-08;3.571553e+04;4.086833e-01;4.599341e-01;1.313831e-01
2.657759e-08;3.571279e+04;4.091662e-01;4.626834e-01;1.281502e-01
2.667052e-08;3.571284e+04;4.077876e-01;4.581198e-01;1.340928e-01
2.676345e-08;3.571800e+04;4.051372e-01;4.659939e-01;1.288688e-01
2.685638e-08;3.572293e+04;4.055657e-01;4.631931e-01;1.312407e-01
2.694931e-08;3.572165e+04;4.103099e-01;4.559978e-01;1.336921e-01
2.704224e-08;3.572471e+04;4.143974e-01;4.586250e-01;1.269774e-01
2.713517e-08;3.573289e+04;4.110478e-01;4.647167e-01;1.242356e-01
2.722810e-08;3.573200e+04;4.107254e-01;4.621607e-01;1.271135e-01
2.732102e-08;3.573100e+04;4.094121e-01;4.639913e-01;1.265969e-01
2.741395e-08;3.574194e+04;4.077737e-01;4.656005e-01;1.266259e-01
2.750688e-08;3.573939e+04;4.109770e-01;4.631735e-01;1.258498e-01
2.759981e-08;3.574038e+04;4.049596e-01;4.634506e-01;1.315894e-01
2.769274e-08;3.574516e+04;4.099061e-01;4.600881e-01;1.300060e-01
2.778567e-08;3.574813e+04;4.104629e-01;4.620100e-01;1.275270e-01
2.787860e-08;3.574644e+04;4.126074e-01;4.586501e-01;1.287424e-01
2.797152e-08;3.574664e+04;4.075563e-01;4.599485e-01;1.324954e-01
2.806445e-08;3.575610e+04;4.064643e-01;4.633364e-01;1.301990e-01
2.815738e-08;3.575942e+04;4.063735e-01;4.642812e-01;1.293450e-01
2.825031e-08;3.576301e+04;4.052395e-01;4.631298e-01;1.316311e-01
2.834324e-08;3.577057e+04;4.112239e-01;4.584309e-01;1.303456e-01
2.843617e-08;3.578155e+04;4.127516e-01;4.616337e-01;1.256147e-01
2.852910e-08;3.577566e+04;4.094594e-01;4.617519e-01;1.287888e-01
2.862202e-08;3.578239e+04;4.058580e-01;4.651481e-01;1.289939e-01
2.871495e-08;3.579020e+04;4.043920e-01;4.651136e-01;1.304940e-01
2.880788e-08;3.579179e+04;4.123271e-01;4.658608e-01;1.218122e-01
2.890081e-08;3.578999e+04;4.127560e-01;4.571286e-01;1.301149e-01
2.899374e-08;3.579107e+04;4.122479e-01;4.584509e-01;1.293007e-01
2.908667e-08;3.579792e+04;4.041440e-01;4.634007e-01;1.324552e-01
2.917960e-08;3.580232e+04;4.141939e-01;4.631733e-01;1.226334e-01
2.927253e-08;3.580289e+04;4.172703e-01;4.633298e-01;1.193997e-01
2.936545e-08;3.579979e+04;4.074444e-01;4.686733e-01;1.238820e-01
2.945838e-08;3.580802e+04;4.038834e-01;4.674411e-01;1.286751e-01
2.955131e-08;3.581114e+04;4.086377e-01;4.648349e-01;1.265273e-01
2.964424e-08;3.580998e+04;4.139085e-01;4.655842e-01;1.205078e-01
2.973717e-08;3.580903e+04;4.133690e-01;4.572062e-01;1.294250e-01
2.983010e-08;3.581362e+04;4.134258e-01;4.612882e-01;1.252860e-01
2.992303e-08;3.581431e+04;4.096113e-01;4.635145e-01;1.268739e-01
3.001595e-08;3.580987e+04;4.131617e-01;4.610171e-01;1.258217e-01
3.010888e-08;3.581489e+04;4.115341e-01;4.627059e-01;1.257599e-01
3.020181e-08;3.581095e+04;4.073338e-01;4.628899e-01;1.297766e-01
3.029474e-08;3.580670e+04;4.095794e-01;4.664643e-01;1.239566e-01
3.038767e-08;3.581146e+04;4.085546e-01;4.649952e-01;1.264500e-01
3.048060e-08;3.581688e+04;4.053371e-01;4.621532e-01;1.325099e-01
3.057353e-08;3.581672e+04;4.072567e-01;4.677088e-01;1.250345e-01
3.066646e-08;3.581054e+04;4.080704e-01;4.650062e-01;1.269235e-01
3.075938e-08;3.581433e+04;4.143874e-01;4.596050e-01;1.260075e-01
3.085231e-08;3.581746e+04;4.111380e-01;4.605385e-01;1.283239e-01
3.094524e-08;3.581423e+04;4.146003e-01;4.577100e-01;1.276900e-01
3.103817e-08;3.581085e+04;4.084806e-01;4.597440e-01;1.317753e-01
3.113110e-08;3.581027e+04;4.086631e-01;4.659966e-01;1.253402e-01
3.122403e-08;3.580598e+04;4.104908e-01;4.639059e-01;1.256040e-01
3.131696e-08;3.580693e+04;4.026500e-01;4.677117e-01;1.296390e-01
3.140988e-08;3.580419e+04;4.075894e-01;4.639568e-01;1.284539e-01
3.150281e-08;3.579961e+04;4.050676e-01;4.631861e-01;1.317458e-01
3.159574e-08;3.580038e+04;4.082246e-01;4.618069e-01;1.299684e-01
3.168867e-08;3.579380e+04;4.084434e-01;4.632282e-01;1.283281e-01
3.178160e-08;3.579118e+04;4.095498e-01;4.620784e-01;1.283718e-01
3.187453e-08;3.579344e+04;4.088539e-01;4.609269e-01;1.302191e-01
3.196746e-08;3.578955e+04;4.097280e-01;4.619030e-01;1.283685e-01
3.206038e-08;3.578918e+04;4.122589e-01;4.574275e-01;1.303134e-01
3.215331e-08;3.578854e+04;4.089420e-01;4.592421e-01;1.318161e-01
3.224624e-08;3.578708e+04;4.136290e-01;4.591619e-01;1.272091e-01
3.233917e-08;3.578721e+04;4.118669e-01;4.602853e-01;1.278480e-01
3.243210e-08;3.578545e+04;4.077733e-01;4.635507e-01;1.286760e-01
3.252503e-08;3.578066e+04;4.044144e-01;4.673339e-01;1.282514e-01
3.261796e-08;3.577476e+04;4.039695e-01;4.701680e-01;1.258620e-01
3.271089e-08;3.577553e+04;4.068666e-01;4.648011e-01;1.283327e-01
3.280381e-08;3.577763e+04;4.071780e-01;4.635159e-01;1.293060e-01
3.289674e-08;3.578475e+04;4.123818e-01;4.612378e-01;1.263800e-01
3.298967e-08;3.579015e+04;4.120175e-01;4.637368e-01;1.242460e-01
3.308260e-08;3.579157e+04;4.126398e-01;4.598466e-01;1.275140e-01
3.317553e-08;3.579619e+04;4.107089e-01;4.663751e-01;1.229160e-01
3.326846e-08;3.579752e+04;4.086468e-01;4.622495e-01;1.291037e-01
3.336139e-08;3.579524e+04;4.135759e-01;4.567763e-01;1.296479e-01
3.345431e-08;3.579841e+04;4.046685e-01;4.609564e-01;1.343748e-01
3.354724e-08;3.580019e+04;4.064582e-01;4.654616e-01;1.280796e-01
3.364017e-08;3.581038e+04;4.092333e-01;4.668747e-01;1.238920e-01
3.373310e-08;3.581073e+04;4.107271e-01;4.672734e-01;1.219995e-01
3.382603e-08;3.581387e+04;4.132806e-01;4.628394e-01;1.238802e-01
3.391896e-08;3.582414e+04;4.146159e-01;4.612286e-01;1.241558e-01
3.401189e-08;3.582762e+04;4.135465e-01;4.663153e-01;1.201381e-01
3.410482e-08;3.583146e+04;4.054269e-01;4.638637e-01;1.307095e-01
3.419774e-08;3.583649e+04;4.056669e-01;4.612592e-01;1.330737e-01
3.429067e-08;3.584643e+04;4.150895e-01;4.586060e-01;1.263045e-01
3.438360e-08;3.585426e+04;4.121133e-01;4.606124e-01;1.272750e-01
3.447653e-08;3.585398e+04;4.112812e-01;4.629676e-01;1.257510e-01
3.456946e-08;3.586357e+04;4.047471e-01;4.641013e-01;1.311519e-01
3.466239e-08;3.587456e+04;4.102438e-01;4.598146e-01;1.299417e-01
3.475532e-08;3.587760e+04;4.101201e-01;4.620043e-01;1.278759e-01
3.484824e-08;3.588339e+04;4.092111e-01;4.681684e-01;1.226204e-01
3.494117e-08;3.589288e+04;4.044292e-01;4.619912e-01;1.335797e-01
3.503410e-08;3.590069e+04;4.112637e-01;4.623891e-01;1.263476e-01
3.512703e-08;3.590870e+04;4.161896e-01;4.618991e-01;1.219117e-01
3.521996e-08;3.591208e+04;4.164299e-01;4.584417e-01;1.251287e-01
3.531289e-08;3.592298e+04;4.125657e-01;4.599768e-01;1.274571e-01
3.540582e-08;3.593014e+04;4.065879e-01;4.662996e-01;1.271120e-01
3.549875e-08;3.593837e+04;4.081413e-01;4.677531e-01;1.241054e-01
3.559167e-08;3.594389e+04;4.065507e-01;4.665561e-01;1.268931e-01
3.568460e-08;3.595120e+04;4.103752e-01;4.643005e-01;1.253242e-01
3.577753e-08;3.595895e+04;4.098056e-01;4.664665e-01;1.237277e-01
3.587046e-08;3.596420e+04;4.071219e-01;4.634355e-01;1.294429e-01
3.596339e-08;3.597995e+04;4.047130e-01;4.623336e-01;1.329535e-01
3.605632e-08;3.598526e+04;4.082262e-01;4.627612e-01;1.290126e-01
3.614925e-08;3.599046e+04;4.070095e-01;4.664030e-01;1.265880e-01
3.624217e-08;3.599098e+04;4.087313e-01;4.636323e-01;1.276366e-01
3.633510e-08;3.599619e+04;4.156971e-01;4.609757e-01;1.233267e-01
3.642803e-08;3.600239e+04;4.112280e-01;4.628804e-01;1.258912e-01
3.652096e-08;3.601007e+04;4.074239e-01;4.606263e-01;1.319500e-01
3.661389e-08;3.600928e+04;4.029767e-01;4.667301e-01;1.302935e-01
3.670682e-08;3.601452e+04;4.036447e-01;4.665763e-01;1.297788e-01
3.679975e-08;3.602144e+04;4.065698e-01;4.673162e-01;1.261141e-01
3.689267e-08;3.602521e+04;4.056814e-01;4.614165e-01;1.329025e-01
3.698560e-08;3.602859e+04;4.106813e-01;4.592422e-01;1.300769e-01
3.707853e-08;3.603573e+04;4.082901e-01;4.639351e-01;1.277744e-01
3.717146e-08;3.604263e+04;4.056013e-01;4.639930e-01;1.304058e-01
3.726439e-08;3.604915e+04;4.131599e-01;4.631867e-01;1.236534e-01
3.735732e-08;3.606005e+04;4.145013e-01;4.597141e-01;1.257844e-01
3.745025e-08;3.606452e+04;4.146495e-01;4.593490e-01;1.260016e-01
3.754318e-08;3.607116e+04;4.123615e-01;4.589233e-01;1.287152e-01
3.763610e-08;3.608363e+04;4.082179e-01;4.605162e-01;1.312660e-01
3.772903e-08;3.609402e+04;4.131100e-01;4.627689e-01;1.241209e-01
3.782196e-08;3.610204e+04;4.142202e-01;4.660064e-01;1.197736e-01
3.791489e-08;3.611915e+04;4.103308e-01;4.624680e-01;1.272012e-01
3.800782e-08;3.612979e+04;4.095823e-01;4.633330e-01;1.270848e-01
3.810075e-08;3.613922e+04;4.134828e-01;4.638124e-01;1.227049e-01
3.819368e-08;3.614644e+04;4.128390e-01;4.640827e-01;1.230787e-01
3.828660e-08;3.615265e+04;4.093795e-01;4.651778e-01;1.254430e-01
3.837953e-08;3.616219e+04;4.083976e-01;4.659375e-01;1.256647e-01
3.847246e-08;3.617366e+04;4.119500e-01;4.621727e-01;1.258775e-01
3.856539e-08;3.617868e+04;4.112740e-01;4.624354e-01;1.262907e-01
3.865832e-08;3.619212e+04;4.087801e-01;4.649217e-01;1.262982e-01
3.875125e-08;3.620255e+04;4.075334e-01;4.685185e-01;1.239481e-01
3.884418e-08;3.621419e+04;4.050150e-01;4.706982e-01;1.242873e-01
3.893711e-08;3.621879e+04;4.034191e-01;4.614222e-01;1.351590e-01
3.903003e-08;3.623089e+04;4.127351e-01;4.599859e-01;1.272789e-01
3.912296e-08;3.623701e+04;4.142867e-01;4.598967e-01;1.258170e-01
3.921589e-08;3.624141e+04;4.102431e-01;4.632898e-01;1.264669e-01
3.930882e-08;3.624886e+04;4.052733e-01;4.676135e-01;1.271133e-01
3.940175e-08;3.626045e+04;4.024104e-01;4.688542e-01;1.287350e-01
3.949468e-08;3.627194e+04;4.054502e-01;4.688570e-01;1.256924e-01
3.958761e-08;3.628107e+04;4.133380e-01;4.604889e-01;1.261724e-01
3.968053e-08;3.629178e+04;4.093114e-01;4.580631e-01;1.326255e-01
3.977346e-08;3.630318e+04;4.075244e-01;4.594676e-01;1.330078e-01
3.986639e-08;3.631577e+04;4.106395e-01;4.599242e-01;1.294363e-01
3.995932e-08;3.632609e+04;4.080204e-01;4.615571e-01;1.304224e-01
4.005225e-08;3.634123e+04;4.092734e-01;4.602198e-01;1.305071e-01
4.014518e-08;3.635657e+04;4.073665e-01;4.617558e-01;1.308780e-01
4.023811e-08;3.637212e+04;4.051006e-01;4.597456e-01;1.351540e-01
4.033103e-08;3.638129e+04;4.067842e-01;4.642082e-01;1.290078e-01
4.042396e-08;3.639590e+04;4.049077e-01;4.675182e-01;1.275743e-01
4.051689e-08;3.640397e+04;4.106315e-01;4.630380e-01;1.263306e-01
4.060982e-08;3.642378e+04;4.081368e-01;4.636785e-01;1.281848e-01
4.070275e-08;3.643462e+04;4.038811e-01;4.685539e-01;1.275645e-01
4.079568e-08;3.644255e+04;4.058111e-01;4.677266e-01;1.264623e-01
4.088861e-08;3.644838e+04;4.022368e-01;4.675440e-01;1.302193e-01
4.098154e-08;3.645925e+04;4.105097e-01;4.643736e-01;1.251167e-01
4.107446e-08;3.646747e+04;4.076518e-01;4.657322e-01;1.266160e-01
4.116739e-08;3.647907e+04;4.090804e-01;4.677173e-01;1.232018e-01
4.126032e-08;3.648700e+04;4.115150e-01;4.609828e-01;1.275019e-01
4.135325e-08;3.648615e+04;4.115416e-01;4.574945e-01;1.309643e-01
4.144618e-08;3.649630e+04;4.084738e-01;4.610409e-01;1.304847e-01
4.153911e-08;3.650440e+04;4.101970e-01;4.605511e-01;1.292517e-01
4.163204e-08;3.650261e+04;4.029907e-01;4.630798e-01;1.339294e-01
4.172496e-08;3.650382e+04;4.091428e-01;4.570645e-01;1.337923e-01
4.181789e-08;3.650505e+04;4.058020e-01;4.615065e-01;1.326912e-01
4.191082e-08;3.650166e+04;4.044414e-01;4.613369e-01;1.342218e-01
4.200375e-08;3.650408e+04;4.098325e-01;4.675618e-01;1.226055e-01
4.209668e-08;3.649723e+04;4.051630e-01;4.710919e-01;1.237454e-01
4.218961e-08;3.649257e+04;4.060132e-01;4.676928e-01;1.262943e-01
4.228254e-08;3.648438e+04;4.055272e-01;4.584310e-01;1.360418e-01
4.237547e-08;3.648210e+04;4.123116e-01;4.602880e-01;1.274004e-01
4.246839e-08;3.647479e+04;4.029664e-01;4.667991e-01;1.302346e-01
4.256132e-08;3.646510e+04;4.071829e-01;4.597440e-01;1.330728e-01
4.265425e-08;3.645245e+04;4.087967e-01;4.572305e-01;1.339729e-01
4.274718e-08;3.643811e+04;4.140895e-01;4.579510e-01;1.279595e-01
4.284011e-08;3.643673e+04;4.113844e-01;4.656176e-01;1.229980e-01
4.293304e-08;3.643686e+04;4.105819e-01;4.687335e-01;1.206845e-01
4.302597e-08;3.642165e+04;4.152318e-01;4.593750e-01;1.253930e-01
4.311889e-08;3.641202e+04;4.138210e-01;4.618109e-01;1.243683e-01
4.321182e-08;3.640546e+04;4.143470e-01;4.570160e-01;1.286369e-01
4.330475e-08;3.640066e+04;4.119561e-01;4.627470e-01;1.252971e-01
4.339768e-08;3.639412e+04;4.116616e-01;4.618050e-01;1.265334e-01
4.349061e-08;3.638839e+04;4.086955e-01;4.608425e-01;1.304618e-01
4.358354e-08;3.638676e+04;4.097285e-01;4.608337e-01;1.294378e-01
4.367647e-08;3.638538e+04;4.074754e-01;4.643447e-01;1.281801e-01
4.376940e-08;3.638805e+04;4.071137e-01;4.666374e-01;1.262489e-01
4.386232e-08;3.638900e+04;4.052082e-01;4.637182e-01;1.310738e-01
4.395525e-08;3.638640e+04;4.098068e-01;4.564127e-01;1.337804e-01
4.404818e-08;3.639323e+04;4.164408e-01;4.577887e-01;1.257703e-01
4.414111e-08;3.639653e+04;4.085712e-01;4.630395e-01;1.283895e-01
4.423404e-08;3.639968e+04;4.056861e-01;4.602134e-01;1.341006e-01
4.432697e-08;3.640884e+04;4.079536e-01;4.597943e-01;1.322523e-01
4.441990e-08;3.641328e+04;4.099197e-01;4.630896e-01;1.269910e-01
4.451282e-08;3.642029e+04;4.085575e-01;4.650388e-01;1.264036e-01
4.460575e-08;3.642863e+04;4.067442e-01;4.668412e-01;1.264144e-01
4.469868e-08;3.644204e+04;4.093535e-01;4.582688e-01;1.323773e-01
4.479161e-08;3.644543e+04;4.111316e-01;4.573693e-01;1.314989e-01
4.488454e-08;3.645444e+04;4.076299e-01;4.637734e-01;1.285972e-01
4.497747e-08;3.646170e+04;4.073842e-01;4.634713e-01;1.291448e-01
4.507040e-08;3.646638e+04;4.061597e-01;4.601599e-01;1.336807e-01
4.516332e-08;3.647505e+04;4.114954e-01;4.579001e-01;1.306043e-01
4.525625e-08;3.648259e+04;4.092982e-01;4.580098e-01;1.326921e-01
4.534918e-08;3.648896e+04;4.060499e-01;4.640709e-01;1.298794e-01
4.544211e-08;3.649709e+04;4.038545e-01;4.707932e-01;1.253521e-01
4.553504e-08;3.650039e+04;4.117012e-01;4.633671e-01;1.249319e-01
4.562797e-08;3.650883e+04;4.146460e-01;4.614975e-01;1.238570e-01
4.572090e-08;3.651163e+04;4.073436e-01;4.647107e-01;1.279454e-01
4.581383e-08;3.651848e+04;4.055218e-01;4.657825e-01;1.286959e-01
4.590675e-08;3.652630e+04;4.082425e-01;4.647809e-01;1.269771e-01
4.599968e-08;3.652794e+04;4.123410e-01;4.617953e-01;1.258639e-01
4.609261e-08;3.653629e+04;4.107049e-01;4.597445e-01;1.295501e-01
4.618554e-08;3.654736e+04;4.110219e-01;4.637218e-01;1.252562e-01
4.627847e-08;3.655893e+04;4.095133e-01;4.629239e-01;1.275625e-01
4.637140e-08;3.656139e+04;4.111124e-01;4.570750e-01;1.318124e-01
4.646433e-08;3.657597e+04;4.111603e-01;4.632475e-01;1.255923e-01
4.655725e-08;3.658472e+04;4.078525e-01;4.635924e-01;1.285551e-01
4.665018e-08;3.658784e+04;4.102812e-01;4.546934e-01;1.350253e-01
4.674311e-08;3.660245e+04;4.075444e-01;4.608824e-01;1.315733e-01
4.683604e-08;3.661759e+04;4.053949e-01;4.638066e-01;1.307983e-01
4.692897e-08;3.663234e+04;4.081829e-01;4.615568e-01;1.302605e-01
4.702190e-08;3.664630e+04;4.036396e-01;4.613616e-01;1.349984e-01
4.711483e-08;3.666392e+04;4.063381e-01;4.663408e-01;1.273210e-01
4.720776e-08;3.668584e+04;4.113312e-01;4.615695e-01;1.271004e-01
4.730068e-08;3.669563e+04;4.063810e-01;4.628032e-01;1.308158e-01
4.739361e-08;3.670946e+04;4.053028e-01;4.612928e-01;1.334045e-01
4.748654e-08;3.672801e+04;4.037585e-01;4.654162e-01;1.308256e-01
4.757947e-08;3.674751e+04;4.062084e-01;4.651975e-01;1.285942e-01
4.767240e-08;3.676195e+04;4.039932e-01;4.641427e-01;1.318640e-01
4.776533e-08;3.677569e+04;4.105971e-01;4.565946e-01;1.328076e-01
4.785826e-08;3.679377e+04;4.110768e-01;4.586455e-01;1.302773e-01
4.795118e-08;3.680673e+04;4.079956e-01;4.634631e-01;1.285416e-01
4.804411e-08;3.681700e+04;4.063365e-01;4.623505e-01;1.313126e-01
4.813704e-08;3.683065e+04;4.064326e-01;4.626218e-01;1.309455e-01
4.822997e-08;3.684216e+04;4.048258e-01;4.672937e-01;1.278808e-01
4.832290e-08;3.684423e+04;4.083007e-01;4.611544e-01;1.305450e-01
4.841583e-08;3.685522e+04;4.085538e-01;4.592001e-01;1.322464e-01
4.850876e-08;3.687012e+04;4.094774e-01;4.620544e-01;1.284687e-01
4.860169e-08;3.687395e+04;4.033547e-01;4.639045e-01;1.327406e-01
4.869461e-08;3.688015e+04;4.059986e-01;4.560004e-01;1.380005e-01
4.878754e-08;3.688948e+04;4.081038e-01;4.609755e-01;1.309208e-01
4.888047e-08;3.689499e+04;4.082549e-01;4.614083e-01;1.303361e-01
4.897340e-08;3.689511e+04;4.088059e-01;4.640735e-01;1.271207e-01
4.906633e-08;3.689732e+04;4.043272e-01;4.617779e-01;1.338952e-01
4.915926e-08;3.689946e+04;4.054508e-01;4.632021e-01;1.313470e-01
4.925219e-08;3.689929e+04;4.057693e-01;4.624463e-01;1.317841e-01
4.934511e-08;3.690199e+04;4.087768e-01;4.596062e-01;1.316168e-01
4.943804e-08;3.690129e+04;4.082539e-01;4.629888e-01;1.287575e-01
4.953097e-08;3.690321e+04;4.079655e-01;4.655247e-01;1.265093e-01
4.962390e-08;3.689727e+04;4.087354e-01;4.629140e-01;1.283506e-01
4.971683e-08;3.689529e+04;4.079784e-01;4.633656e-01;1.286560e-01
4.980976e-08;3.689120e+04;4.092711e-01;4.606366e-01;1.300923e-01
4.990269e-08;3.688613e+04;4.081619e-01;4.662031e-01;1.256352e-01
4.999561e-08;3.688207e+04;4.077685e-01;4.647069e-01;1.275240e-01
5.008854e-08;3.688070e+04;4.051242e-01;4.612172e-01;1.336585e-01
5.018147e-08;3.687971e+04;4.042629e-01;4.613497e-01;1.343875e-01
5.027440e-08;3.687183e+04;4.004186e-01;4.648539e-01;1.347271e-01
5.036733e-08;3.686604e+04;4.052681e-01;4.649585e-01;1.297729e-01
5.046026e-08;3.686277e+04;4.053780e-01;4.631335e-01;1.314883e-01
5.055319e-08;3.686377e+04;4.081907e-01;4.685312e-01;1.232786e-01
5.064612e-08;3.686236e+04;4.065365e-01;4.643453e-01;1.291182e-01
5.073904e-08;3.685329e+04;4.104002e-01;4.627136e-01;1.268859e-01
5.083197e-08;3.685118e+04;4.097490e-01;4.565867e-01;1.336644e-01
5.092490e-08;3.684872e+04;4.125468e-01;4.570250e-01;1.304285e-01
5.101783e-08;3.684080e+04;4.131446e-01;4.599724e-01;1.268831e-01
5.111076e-08;3.684165e+04;4.052455e-01;4.621665e-01;1.325878e-01
5.120369e-08;3.683362e+04;4.047011e-01;4.653913e-01;1.299071e-01
5.129662e-08;3.682350e+04;4.080223e-01;4.690718e-01;1.229059e-01
5.138954e-08;3.682075e+04;4.078466e-01;4.618594e-01;1.302937e-01
5.148247e-08;3.681586e+04;4.072635e-01;4.603540e-01;1.323821e-01
5.157540e-08;3.680922e+04;4.090814e-01;4.576755e-01;1.332425e-01
5.166833e-08;3.680025e+04;4.075925e-01;4.615573e-01;1.308501e-01
5.176126e-08;3.679050e+04;4.077134e-01;4.591925e-01;1.330943e-01
5.185419e-08;3.678467e+04;4.051930e-01;4.640111e-01;1.307960e-01
5.194712e-08;3.677892e+04;4.075928e-01;4.623630e-01;1.300440e-01
5.204005e-08;3.677683e+04;4.158310e-01;4.614432e-01;1.227258e-01
5.213297e-08;3.676737e+04;4.086711e-01;4.649181e-01;1.264113e-01
5.222590e-08;3.676509e+04;4.026300e-01;4.664316e-01;1.309386e-01
5.231883e-08;3.675523e+04;4.045029e-01;4.655753e-01;1.299220e-01
5.241176e-08;3.674643e+04;4.065925e-01;4.581709e-01;1.352368e-01
5.250469e-08;3.673809e+04;4.124571e-01;4.595237e-01;1.280193e-01
5.259762e-08;3.673018e+04;4.030178e-01;4.665131e-01;1.304691e-01
5.269055e-08;3.672276e+04;4.005127e-01;4.699294e-01;1.295581e-01
5.278347e-08;3.671708e+04;4.074626e-01;4.629382e-01;1.295993e-01
5.287640e-08;3.671052e+04;4.069003e-01;4.636491e-01;1.294511e-01
5.296933e-08;3.670106e+04;4.097769e-01;4.674163e-01;1.228066e-01
5.306226e-08;3.669911e+04;4.105524e-01;4.602937e-01;1.291538e-01
5.315519e-08;3.669233e+04;4.011536e-01;4.654905e-01;1.333560e-01
5.324812e-08;3.668233e+04;4.087691e-01;4.594849e-01;1.317456e-01
5.334105e-08;3.667481e+04;4.042610e-01;4.652038e-01;1.305354e-01
5.343397e-08;3.667080e+04;4.094612e-01;4.616441e-01;1.288948e-01
5.352690e-08;3.666095e+04;4.099621e-01;4.601320e-01;1.299063e-01
5.361983e-08;3.665176e+04;4.064271e-01;4.618129e-01;1.317604e-01
5.371276e-08;3.664088e+04;4.055168e-01;4.639573e-01;1.305258e-01
5.380569e-08;3.663848e+04;4.104047e-01;4.675710e-01;1.220249e-01
5.389862e-08;3.663018e+04;4.105987e-01;4.624433e-01;1.269580e-01
5.399155e-08;3.663069e+04;4.046777e-01;4.646927e-01;1.306300e-01
5.408448e-08;3.662123e+04;4.064886e-01;4.622515e-01;1.312600e-01
5.417740e-08;3.661015e+04;4.081239e-01;4.646171e-01;1.272591e-01
5.427033e-08;3.660847e+04;4.103538e-01;4.620907e-01;1.275557e-01
5.436326e-08;3.659743e+04;4.124035e-01;4.583388e-01;1.292574e-01
5.445619e-08;3.659075e+04;4.116662e-01;4.625946e-01;1.257392e-01
5.454912e-08;3.658820e+04;4.068468e-01;4.617115e-01;1.314421e-01
5.464205e-08;3.657532e+04;4.134988e-01;4.569521e-01;1.295491e-01
5.473498e-08;3.657618e+04;4.082470e-01;4.609771e-01;1.307758e-01
5.482790e-08;3.657319e+04;4.095788e-01;4.663324e-01;1.240889e-01
5.492083e-08;3.656702e+04;4.084095e-01;4.648550e-01;1.267350e-01
5.501376e-08;3.656373e+04;3.996367e-01;4.594605e-01;1.409031e-01
5.510669e-08;3.655824e+04;4.019166e-01;4.591022e-01;1.389811e-01
5.519962e-08;3.656025e+04;4.040994e-01;4.647730e-01;1.311276e-01
5.529255e-08;3.655927e+04;4.085832e-01;4.655344e-01;1.258827e-01
5.538548e-08;3.655003e+04;4.090298e-01;4.640405e-01;1.269296e-01
5.547841e-08;3.654729e+04;4.095840e-01;4.604498e-01;1.299664e-01
5.557133e-08;3.654282e+04;4.133473e-01;4.677400e-01;1.189127e-01
5.566426e-08;3.654171e+04;4.066575e-01;4.681882e-01;1.251540e-01
5.575719e-08;3.653326e+04;4.069576e-01;4.640097e-01;1.290332e-01
5.585012e-08;3.653066e+04;4.063224e-01;4.619929e-01;1.316846e-01
5.594305e-08;3.652449e+04;4.093372e-01;4.629267e-01;1.277366e-01
5.603598e-08;3.652812e+04;4.103491e-01;4.663869e-01;1.232640e-01
5.612891e-08;3.652360e+04;4.055638e-01;4.672260e-01;1.272101e-01
5.622183e-08;3.651916e+04;4.061783e-01;4.612691e-01;1.325528e-01
5.631476e-08;3.651864e+04;4.079745e-01;4.630621e-01;1.289636e-01
5.640769e-08;3.650694e+04;4.066387e-01;4.609531e-01;1.324084e-01
5.650062e-08;3.650378e+04;4.027791e-01;4.680246e-01;1.291965e-01
5.659355e-08;3.650138e+04;4.039275e-01;4.589367e-01;1.371360e-01
5.668648e-08;3.649807e+04;4.058102e-01;4.615671e-01;1.326224e-01
5.677941e-08;3.649019e+04;4.065997e-01;4.604227e-01;1.329772e-01
5.687234e-08;3.648778e+04;4.076115e-01;4.632515e-01;1.291369e-01
5.696526e-08;3.647364e+04;4.085208e-01;4.610169e-01;1.304621e-01
5.705819e-08;3.647351e+04;4.140213e-01;4.606449e-01;1.253339e-01
5.715112e-08;3.646823e+04;4.118727e-01;4.636501e-01;1.244769e-01
5.724405e-08;3.647206e+04;4.081085e-01;4.672145e-01;1.246774e-01
5.733698e-08;3.647023e+04;4.067315e-01;4.640512e-01;1.292173e-01
5.742991e-08;3.646252e+04;4.148607e-01;4.629800e-01;1.221592e-01
5.752284e-08;3.645826e+04;4.091625e-01;4.622195e-01;1.286182e-01
5.761576e-08;3.645690e+04;4.085916e-01;4.647942e-01;1.266139e-01
5.770869e-08;3.645307e+04;4.133327e-01;4.630724e-01;1.235949e-01
5.780162e-08;3.644627e+04;4.163950e-01;4.611785e-01;1.224265e-01
5.789455e-08;3.644696e+04;4.096919e-01;4.628116e-01;1.274961e-01
5.798748e-08;3.645029e+04;4.065339e-01;4.630438e-01;1.304217e-01
5.808041e-08;3.643895e+04;4.034559e-01;4.668128e-01;1.297312e-01
5.817334e-08;3.643178e+04;4.121040e-01;4.601604e-01;1.277359e-01
5.826626e-08;3.643136e+04;4.082199e-01;4.649546e-01;1.268257e-01
5.835919e-08;3.642386e+04;4.080281e-01;4.644394e-01;1.275325e-01
5.845212e-08;3.642425e+04;4.046921e-01;4.606331e-01;1.346745e-01
5.854505e-08;3.642192e+04;4.058353e-01;4.597504e-01;1.344141e-01
5.863798e-08;3.642388e+04;4.071335e-01;4.652033e-01;1.276629e-01
5.873091e-08;3.641668e+04;4.110215e-01;4.597926e-01;1.291856e-01
5.882384e-08;3.641182e+04;4.045588e-01;4.603948e-01;1.350467e-01
5.891677e-08;3.641011e+04;4.089102e-01;4.606234e-01;1.304656e-01
5.900969e-08;3.640625e+04;4.104438e-01;4.638040e-01;1.257525e-01
5.910262e-08;3.640023e+04;4.098589e-01;4.623369e-01;1.278042e-01
5.919555e-08;3.639710e+04;4.078916e-01;4.662701e-01;1.258385e-01
5.928848e-08;3.639339e+04;4.053603e-01;4.660649e-01;1.285751e-01
5.938141e-08;3.638793e+04;4.066792e-01;4.636721e-01;1.296486e-01
5.947434e-08;3.638745e+04;4.064630e-01;4.669517e-01;1.265855e-01
5.956727e-08;3.638763e+04;4.083092e-01;4.615452e-01;1.301454e-01
5.966019e-08;3.638596e+04;4.089991e-01;4.614708e-01;1.295301e-01
5.975312e-08;3.638379e+04;4.069616e-01;4.636804e-01;1.293579e-01
5.984605e-08;3.637963e+04;4.093440e-01;4.659104e-01;1.247454e-01
5.993898e-08;3.637879e+04;4.085740e-01;4.622947e-01;1.291313e-01
6.003191e-08;3.637800e+04;4.062975e-01;4.646927e-01;1.290095e-01
6.012484e-08;3.637467e+04;4.124583e-01;4.604726e-01;1.270691e-01
6.021777e-08;3.636803e+04;4.128820e-01;4.597375e-01;1.273801e-01
6.031070e-08;3.637252e+04;4.108176e-01;4.612825e-01;1.278994e-01
6.040362e-08;3.637111e+04;4.054849e-01;4.627270e-01;1.317882e-01
6.049655e-08;3.636904e+04;4.059222e-01;4.650120e-01;1.290657e-01
6.058948e-08;3.636101e+04;4.148751e-01;4.617769e-01;1.233483e-01
6.068241e-08;3.635981e+04;4.069738e-01;4.595518e-01;1.334742e-01
6.077534e-08;3.635894e+04;4.070388e-01;4.626206e-01;1.303407e-01
6.086827e-08;3.635685e+04;4.126327e-01;4.643354e-01;1.230320e-01
6.096120e-08;3.635415e+04;4.104747e-01;4.605874e-01;1.289379e-01
6.105412e-08;3.635817e+04;4.099512e-01;4.621469e-01;1.279023e-01
6.114705e-08;3.635019e+04;4.115177e-01;4.674377e-01;1.210439e-01
6.123998e-08;3.635260e+04;4.114884e-01;4.633291e-01;1.251820e-01
6.133291e-08;3.634973e+04;4.106693e-01;4.600608e-01;1.292698e-01
6.142584e-08;3.635195e+04;4.153551e-01;4.628454e-01;1.217989e-01
6.151877e-08;3.634655e+04;4.084909e-01;4.634008e-01;1.281082e-01
6.161170e-08;3.633983e+04;4.036955e-01;4.672781e-01;1.290269e-01
6.170462e-08;3.633883e+04;4.063254e-01;4.613351e-01;1.323395e-01
6.179755e-08;3.634319e+04;4.059214e-01;4.656615e-01;1.284171e-01
6.189048e-08;3.634283e+04;4.094554e-01;4.648945e-01;1.256497e-01
6.198341e-08;3.634087e+04;4.074429e-01;4.617312e-01;1.308261e-01
6.207634e-08;3.634281e+04;4.049121e-01;4.630531e-01;1.320349e-01
6.216927e-08;3.633695e+04;4.075911e-01;4.634517e-01;1.289573e-01
6.226220e-08;3.633508e+04;4.048200e-01;4.614445e-01;1.337358e-01
6.235513e-08;3.633819e+04;4.048763e-01;4.618002e-01;1.333235e-01
6.244805e-08;3.633550e+04;4.065087e-01;4.633087e-01;1.301828e-01
6.254098e-08;3.633266e+04;4.040242e-01;4.702986e-01;1.256769e-01
6.263391e-08;3.633539e+04;4.109788e-01;4.649259e-01;1.240956e-01
6.272684e-08;3.633539e+04;4.069527e-01;4.636769e-01;1.293708e-01
6.281977e-08;3.633339e+04;4.056588e-01;4.698331e-01;1.245081e-01
6.291270e-08;3.633407e+04;4.084453e-01;4.688964e-01;1.226583e-01
6.300563e-08;3.633259e+04;4.081129e-01;4.670028e-01;1.248843e-01
6.309855e-08;3.633171e+04;4.077297e-01;4.611419e-01;1.311281e-01
6.319148e-08;3.633281e+04;4.088294e-01;4.625937e-01;1.285765e-01
6.328441e-08;3.632889e+04;4.099197e-01;4.636642e-01;1.264163e-01
6.337734e-08;3.632809e+04;4.119178e-01;4.653410e-01;1.227414e-01
6.347027e-08;3.632649e+04;4.096351e-01;4.685215e-01;1.218440e-01
6.356320e-08;3.632276e+04;4.057815e-01;4.698514e-01;1.243678e-01
6.365613e-08;3.632092e+04;4.076610e-01;4.656931e-01;1.266459e-01
6.374906e-08;3.631448e+04;4.111181e-01;4.592593e-01;1.296227e-01
6.384198e-08;3.631687e+04;4.082015e-01;4.630319e-01;1.287669e-01
6.393491e-08;3.631684e+04;4.072938e-01;4.583049e-01;1.344015e-01
6.402784e-08;3.630651e+04;4.047626e-01;4.660773e-01;1.291602e-01
6.412077e-08;3.630666e+04;4.078752e-01;4.602385e-01;1.318855e-01
6.421370e-08;3.631455e+04;4.110774e-01;4.599470e-01;1.289753e-01
6.430663e-08;3.631189e+04;4.124917e-01;4.561012e-01;1.314076e-01
6.439956e-08;3.630709e+04;4.073263e-01;4.629939e-01;1.296796e-01
6.449248e-08;3.630493e+04;4.132404e-01;4.602184e-01;1.265415e-01
6.458541e-08;3.630296e+04;4.107844e-01;4.615643e-01;1.276510e-01
6.467834e-08;3.630484e+04;4.074272e-01;4.597073e-01;1.328657e-01
6.477127e-08;3.629744e+04;4.072188e-01;4.571497e-01;1.356314e-01
6.486420e-08;3.629362e+04;4.101961e-01;4.586017e-01;1.312021e-01
6.495713e-08;3.629941e+04;4.081116e-01;4.580370e-01;1.338510e-01
6.505006e-08;3.629407e+04;4.143535e-01;4.641459e-01;1.215005e-01
6.514299e-08;3.629106e+04;4.039158e-01;4.601907e-01;1.358934e-01
6.523591e-08;3.628780e+04;4.090568e-01;4.642931e-01;1.266504e-01
6.532884e-08;3.628453e+04;4.081351e-01;4.676805e-01;1.241840e-01
6.542177e-08;3.628439e+04;4.081282e-01;4.673269e-01;1.245450e-01
6.551470e-08;3.628861e+04;4.109784e-01;4.657594e-01;1.232623e-01
6.560763e-08;3.629205e+04;4.135788e-01;4.634478e-01;1.229733e-01
6.570056e-08;3.628859e+04;4.072672e-01;4.645819e-01;1.281512e-01
6.579349e-08;3.628851e+04;4.014728e-01;4.670767e-01;1.314507e-01
6.588641e-08;3.629305e+04;4.083324e-01;4.579217e-01;1.337456e-01
6.597934e-08;3.628925e+04;4.113875e-01;4.570985e-01;1.315144e-01
6.607227e-08;3.628620e+04;4.049929e-01;4.639839e-01;1.310232e-01
6.616520e-08;3.628717e+04;4.058883e-01;4.638380e-01;1.302742e-01
6.625813e-08;3.628696e+04;4.098740e-01;4.645557e-01;1.255702e-01
6.635106e-08;3.629015e+04;4.095252e-01;4.639142e-01;1.265609e-01
6.644399e-08;3.628799e+04;4.134233e-01;4.575546e-01;1.290218e-01
6.653691e-08;3.629080e+04;4.097866e-01;4.606133e-01;1.296006e-01
6.662984e-08;3.629574e+04;4.055853e-01;4.650345e-01;1.293802e-01
6.672277e-08;3.629305e+04;4.069237e-01;4.635140e-01;1.295627e-01
6.681570e-08;3.629481e+04;4.077499e-01;4.654812e-01;1.267686e-01
6.690863e-08;3.629892e+04;4.070046e-01;4.609009e-01;1.320942e-01
6.700156e-08;3.630316e+04;4.087768e-01;4.642498e-01;1.269732e-01
6.709449e-08;3.629971e+04;4.105235e-01;4.589457e-01;1.305308e-01
6.718742e-08;3.630170e+04;4.075353e-01;4.596117e-01;1.328530e-01
6.728034e-08;3.629725e+04;4.043313e-01;4.645937e-01;1.310742e-01
6.737327e-08;3.629900e+04;4.070640e-01;4.615587e-01;1.313772e-01
6.746620e-08;3.629906e+04;4.136339e-01;4.630704e-01;1.232955e-01
6.755913e-08;3.629412e+04;4.114261e-01;4.625577e-01;1.260160e-01
6.765206e-08;3.628974e+04;4.071155e-01;4.658582e-01;1.270265e-01
6.774499e-08;3.629434e+04;4.056405e-01;4.684975e-01;1.258619e-01
6.783792e-08;3.629071e+04;4.148642e-01;4.617276e-01;1.234079e-01
6.793084e-08;3.629526e+04;4.161784e-01;4.616697e-01;1.221517e-01
6.802377e-08;3.629307e+04;4.129577e-01;4.658343e-01;1.212078e-01
6.811670e-08;3.629400e+04;4.126545e-01;4.623050e-01;1.250408e-01
6.820963e-08;3.628996e+04;4.087415e-01;4.614087e-01;1.298496e-01
6.830256e-08;3.628822e+04;4.011996e-01;4.660966e-01;1.327039e-01
6.839549e-08;3.628434e+04;4.070211e-01;4.636819e-01;1.292972e-01
6.848842e-08;3.628784e+04;4.060689e-01;4.634425e-01;1.304884e-01
6.858135e-08;3.628960e+04;4.049961e-01;4.616180e-01;1.333857e-01
6.867427e-08;3.628729e+04;4.070366e-01;4.627810e-01;1.301826e-01
6.876720e-08;3.628870e+04;4.141747e-01;4.585604e-01;1.272651e-01
6.886013e-08;3.628510e+04;4.107563e-01;4.617649e-01;1.274788e-01
6.895306e-08;3.628696e+04;4.119807e-01;4.664162e-01;1.216034e-01
6.904599e-08;3.627956e+04;4.087305e-01;4.691697e-01;1.220997e-01
6.913892e-08;3.627895e+04;4.130544e-01;4.577167e-01;1.292289e-01
6.923185e-08;3.627405e+04;4.118323e-01;4.573911e-01;1.307764e-01
6.932477e-08;3.627405e+04;4.073185e-01;4.651333e-01;1.275481e-01
6.941770e-08;3.627248e+04;4.073993e-01;4.609926e-01;1.316080e-01
6.951063e-08;3.627184e+04;4.076321e-01;4.591892e-01;1.331787e-01
6.960356e-08;3.627020e+04;4.077043e-01;4.601813e-01;1.321150e-01
6.969649e-08;3.626480e+04;4.044538e-01;4.648001e-01;1.307467e-01
6.978942e-08;3.626093e+04;4.086210e-01;4.628235e-01;1.285557e-01
6.988235e-08;3.626194e+04;4.076817e-01;4.634367e-01;1.288818e-01
6.997527e-08;3.625592e+04;4.077498e-01;4.624486e-01;1.298022e-01
7.006820e-08;3.625611e+04;4.113465e-01;4.608953e-01;1.277585e-01
7.016113e-08;3.625510e+04;4.095856e-01;4.613405e-01;1.290743e-01
7.025406e-08;3.625171e+04;4.095792e-01;4.654883e-01;1.249324e-01
7.034699e-08;3.623831e+04;4.087047e-01;4.591499e-01;1.321455e-01
7.043992e-08;3.623841e+04;4.091506e-01;4.686440e-01;1.222053e-01
7.053285e-08;3.624032e+04;4.126175e-01;4.628657e-01;1.245169e-01
7.062578e-08;3.624243e+04;4.115404e-01;4.635806e-01;1.248790e-01
7.071870e-08;3.623575e+04;4.074027e-01;4.653296e-01;1.272676e-01
7.081163e-08;3.622810e+04;4.132378e-01;4.603961e-01;1.263659e-01
7.090456e-08;3.623054e+04;4.115273e-01;4.634598e-01;1.250127e-01
7.099749e-08;3.622929e+04;4.081476e-01;4.666268e-01;1.252250e-01
7.109042e-08;3.623466e+04;4.083798e-01;4.652362e-01;1.263842e-01
7.118335e-08;3.623300e+04;4.064917e-01;4.639668e-01;1.295417e-01
7.127628e-08;3.623175e+04;4.096348e-01;4.618189e-01;1.285464e-01
7.136920e-08;3.622804e+04;4.097415e-01;4.652225e-01;1.250361e-01
7.146213e-08;3.621721e+04;4.066184e-01;4.651599e-01;1.282215e-01
7.155506e-08;3.621738e+04;4.054214e-01;4.662033e-01;1.283752e-01
7.164799e-08;3.621327e+04;4.073338e-01;4.662588e-01;1.264076e-01
7.174092e-08;3.621040e+04;4.061444e-01;4.671474e-01;1.267081e-01
7.183385e-08;3.620893e+04;4.020337e-01;4.681968e-01;1.297694e-01
7.192678e-08;3.621688e+04;4.046456e-01;4.647863e-01;1.305682e-01
7.201971e-08;3.621542e+04;4.048434e-01;4.660147e-01;1.291417e-01
7.211263e-08;3.621488e+04;4.070279e-01;4.631259e-01;1.298465e-01
7.220556e-08;3.621354e+04;4.057531e-01;4.630889e-01;1.311582e-01
7.229849e-08;3.621546e+04;4.089639e-01;4.635718e-01;1.274643e-01
7.239142e-08;3.621280e+04;4.137558e-01;4.617130e-01;1.245315e-01
7.248435e-08;3.621567e+04;4.113801e-01;4.672109e-01;1.214085e-01
7.257728e-08;3.622024e+04;4.106850e-01;4.600399e-01;1.292753e-01
7.267021e-08;3.621461e+04;4.072362e-01;4.623771e-01;1.303870e-01
7.276313e-08;3.621402e+04;4.115538e-01;4.586218e-01;1.298246e-01
7.285606e-08;3.621208e+04;4.174304e-01;4.612364e-01;1.213333e-01
7.294899e-08;3.621577e+04;4.150385e-01;4.615524e-01;1.234089e-01
7.304192e-08;3.621231e+04;4.103741e-01;4.636793e-01;1.259464e-01
7.313485e-08;3.621372e+04;4.101650e-01;4.580321e-01;1.318029e-01
7.322778e-08;3.621676e+04;4.106255e-01;4.601171e-01;1.292570e-01
7.332071e-08;3.621080e+04;4.080047e-01;4.655220e-01;1.264735e-01
7.341364e-08;3.620789e+04;4.097078e-01;4.663941e-01;1.238984e-01
7.350656e-08;3.620740e+04;4.103532e-01;4.703219e-01;1.193244e-01
7.359949e-08;3.620449e+04;4.043403e-01;4.674881e-01;1.281717e-01
7.369242e-08;3.620347e+04;4.084626e-01;4.639432e-01;1.275946e-01
7.378535e-08;3.620089e+04;4.064454e-01;4.617664e-01;1.317876e-01
7.387828e-08;3.619746e+04;4.087425e-01;4.589543e-01;1.323031e-01
7.397121e-08;3.619478e+04;4.062765e-01;4.624892e-01;1.312343e-01
7.406414e-08;3.619198e+04;4.073285e-01;4.663747e-01;1.262969e-01
7.415706e-08;3.618779e+04;4.030741e-01;4.686038e-01;1.283215e-01
7.424999e-08;3.618641e+04;4.058139e-01;4.672989e-01;1.268871e-01
7.434292e-08;3.618827e+04;4.081089e-01;4.611279e-01;1.307633e-01
7.443585e-08;3.618054e+04;4.059322e-01;4.619305e-01;1.321370e-01
7.452878e-08;3.617921e+04;4.031378e-01;4.582244e-01;1.386375e-01
7.462171e-08;3.617750e+04;4.160182e-01;4.635344e-01;1.204474e-01
7.471464e-08;3.618072e+04;4.098696e-01;4.629599e-01;1.271703e-01
7.480756e-08;3.617472e+04;4.061190e-01;4.588533e-01;1.350278e-01
7.490049e-08;3.617217e+04;4.091635e-01;4.609247e-01;1.299119e-01
7.499342e-08;3.617232e+04;4.129321e-01;4.585060e-01;1.285621e-01
7.508635e-08;3.616943e+04;4.104556e-01;4.606464e-01;1.288979e-01
7.517928e-08;3.616329e+04;4.043036e-01;4.647278e-01;1.309685e-01
7.527221e-08;3.616299e+04;4.031683e-01;4.641412e-01;1.326907e-01
7.536514e-08;3.616848e+04;4.102233e-01;4.688447e-01;1.209319e-01
7.545807e-08;3.616578e+04;4.074969e-01;4.657393e-01;1.267634e-01
7.555099e-08;3.616210e+04;4.107974e-01;4.639080e-01;1.252945e-01
7.564392e-08;3.616105e+04;4.117815e-01;4.644033e-01;1.238156e-01
7.573685e-08;3.615524e+04;4.122749e-01;4.606865e-01;1.270384e-01
7.582978e-08;3.615415e+04;4.151127e-01;4.618802e-01;1.230073e-01
7.592271e-08;3.615061e+04;4.088411e-01;4.648782e-01;1.262807e-01
7.601564e-08;3.614744e+04;4.077367e-01;4.646407e-01;1.276226e-01
7.610857e-08;3.614748e+04;4.096494e-01;4.667299e-01;1.236202e-01
7.620149e-08;3.614417e+04;4.036911e-01;4.687885e-01;1.275205e-01
7.629442e-08;3.614304e+04;4.058243e-01;4.645880e-01;1.295877e-01
7.638735e-08;3.614525e+04;4.066244e-01;4.616005e-01;1.317746e-01
7.648028e-08;3.613934e+04;4.086972e-01;4.624791e-01;1.288239e-01
7.657321e-08;3.613246e+04;4.106015e-01;4.609840e-01;1.284143e-01
7.666614e-08;3.613062e+04;4.072711e-01;4.640515e-01;1.286774e-01
7.675907e-08;3.613082e+04;4.102895e-01;4.630922e-01;1.266186e-01
7.685200e-08;3.613036e+04;4.113709e-01;4.659365e-01;1.226929e-01
7.694492e-08;3.613091e+04;4.101737e-01;4.621347e-01;1.276919e-01
7.703785e-08;3.612339e+04;4.101864e-01;4.615520e-01;1.282622e-01
7.713078e-08;3.612164e+04;4.101131e-01;4.622657e-01;1.276212e-01
7.722371e-08;3.611927e+04;4.097781e-01;4.617547e-01;1.284674e-01
7.731664e-08;3.611970e+04;4.101425e-01;4.620880e-01;1.277694e-01
7.740957e-08;3.612017e+04;4.081609e-01;4.678638e-01;1.239746e-01
7.750250e-08;3.612043e+04;4.080642e-01;4.623447e-01;1.295907e-01
7.759542e-08;3.612516e+04;4.129075e-01;4.660448e-01;1.210480e-01
7.768835e-08;3.612221e+04;4.097352e-01;4.640363e-01;1.262287e-01
7.778128e-08;3.611970e+04;4.107293e-01;4.609921e-01;1.282788e-01
7.787421e-08;3.612205e+04;4.088410e-01;4.634170e-01;1.277424e-01
7.796714e-08;3.612230e+04;4.117276e-01;4.617178e-01;1.265549e-01
7.806007e-08;3.612137e+04;4.121362e-01;4.601592e-01;1.277047e-01
7.815300e-08;3.612233e+04;4.089098e-01;4.658123e-01;1.252784e-01
7.824593e-08;3.612188e+04;4.087744e-01;4.717118e-01;1.195137e-01
7.833885e-08;3.612064e+04;4.126353e-01;4.635050e-01;1.238597e-01
7.843178e-08;3.611930e+04;4.060349e-01;4.609276e-01;1.330376e-01
7.852471e-08;3.612682e+04;4.052514e-01;4.586575e-01;1.360911e-01
7.861764e-08;3.612396e+04;4.113435e-01;4.556268e-01;1.330296e-01
7.871057e-08;3.612202e+04;4.096691e-01;4.640904e-01;1.262410e-01
7.880350e-08;3.611941e+04;4.057279e-01;4.670159e-01;1.272563e-01
7.889643e-08;3.612493e+04;4.047248e-01;4.629902e-01;1.322853e-01
7.898935e-08;3.613030e+04;4.106459e-01;4.670184e-01;1.223361e-01
7.908228e-08;3.612839e+04;4.106397e-01;4.611430e-01;1.282173e-01
7.917521e-08;3.612991e+04;4.077562e-01;4.653968e-01;1.268467e-01
7.926814e-08;3.612560e+04;4.081535e-01;4.628016e-01;1.290448e-01
7.936107e-08;3.612518e+04;4.136072e-01;4.614076e-01;1.249854e-01
7.945400e-08;3.612468e+04;4.113883e-01;4.627002e-01;1.259116e-01
7.954693e-08;3.612442e+04;4.055455e-01;4.629361e-01;1.315183e-01
7.963985e-08;3.612252e+04;4.049429e-01;4.602537e-01;1.348035e-01
7.973278e-08;3.612779e+04;4.090785e-01;4.619507e-01;1.289710e-01
7.982571e-08;3.613034e+04;4.037060e-01;4.639658e-01;1.323283e-01
7.991864e-08;3.612739e+04;4.086429e-01;4.626411e-01;1.287164e-01
8.001157e-08;3.613102e+04;4.080001e-01;4.663681e-01;1.256316e-01
8.010450e-08;3.613115e+04;4.111748e-01;4.603007e-01;1.285245e-01
8.019743e-08;3.613193e+04;4.095790e-01;4.630305e-01;1.273904e-01
8.029036e-08;3.613273e+04;4.091161e-01;4.647808e-01;1.261032e-01
8.038328e-08;3.612719e+04;4.114707e-01;4.586592e-01;1.298702e-01
8.047621e-08;3.612516e+04;4.072696e-01;4.650058e-01;1.277248e-01
8.056914e-08;3.613127e+04;4.085597e-01;4.579262e-01;1.335142e-01
8.066207e-08;3.613193e+04;4.088517e-01;4.578723e-01;1.332759e-01
8.075500e-08;3.612594e+04;4.085023e-01;4.618658e-01;1.296318e-01
8.084793e-08;3.612579e+04;4.066786e-01;4.684101e-01;1.249112e-01
8.094086e-08;3.613467e+04;4.093862e-01;4.624810e-01;1.281327e-01
8.103378e-08;3.613511e+04;4.084330e-01;4.636171e-01;1.279498e-01
8.112671e-08;3.613606e+04;4.104274e-01;4.600491e-01;1.295233e-01
8.121964e-08;3.613666e+04;4.084265e-01;4.599544e-01;1.316189e-01
8.131257e-08;3.613623e+04;4.084066e-01;4.637481e-01;1.278452e-01
8.140550e-08;3.613581e+04;4.109206e-01;4.625290e-01;1.265502e-01
8.149843e-08;3.613661e+04;4.088551e-01;4.606372e-01;1.305071e-01
8.159136e-08;3.613747e+04;4.115243e-01;4.607227e-01;1.277531e-01
8.168429e-08;3.614084e+04;4.067235e-01;4.655339e-01;1.277428e-01
8.177721e-08;3.613738e+04;4.091486e-01;4.684337e-01;1.224172e-01
8.187014e-08;3.613585e+04;4.078313e-01;4.630184e-01;1.291503e-01
8.196307e-08;3.613761e+04;4.059718e-01;4.587367e-01;1.352914e-01
8.205600e-08;3.612962e+04;4.080337e-01;4.644808e-01;1.274856e-01
8.214893e-08;3.612088e+04;4.074849e-01;4.621232e-01;1.303917e-01
8.224186e-08;3.612575e+04;4.105956e-01;4.650443e-01;1.243607e-01
8.233479e-08;3.612607e+04;4.086700e-01;4.692488e-01;1.220813e-01
8.242771e-08;3.612516e+04;4.074584e-01;4.624146e-01;1.301274e-01
8.252064e-08;3.612580e+04;4.092659e-01;4.629506e-01;1.277833e-01
8.261357e-08;3.612572e+04;4.056913e-01;4.663645e-01;1.279439e-01
8.270650e-08;3.612286e+04;4.088299e-01;4.638989e-01;1.272713e-01
8.279943e-08;3.611795e+04;4.092281e-01;4.631732e-01;1.275987e-01
8.289236e-08;3.612139e+04;4.084631e-01;4.636050e-01;1.279321e-01
8.298529e-08;3.611935e+04;4.071046e-01;4.660152e-01;1.268798e-01
8.307821e-08;3.612082e+04;4.107488e-01;4.622087e-01;1.270425e-01
8.317114e-08;3.611845e+04;4.089604e-01;4.578045e-01;1.332356e-01
8.326407e-08;3.612119e+04;4.088182e-01;4.589994e-01;1.321825e-01
8.335700e-08;3.612294e+04;4.031356e-01;4.679082e-01;1.289558e-01
8.344993e-08;3.612329e+04;4.090062e-01;4.663990e-01;1.245948e-01
8.354286e-08;3.612159e+04;4.063014e-01;4.647546e-01;1.289443e-01
8.363579e-08;3.612266e+04;4.082094e-01;4.591721e-01;1.326183e-01
8.372872e-08;3.612166e+04;4.080137e-01;4.626678e-01;1.293187e-01
8.382164e-08;3.612450e+04;4.061869e-01;4.622349e-01;1.315786e-01
8.391457e-08;3.611899e+04;4.052836e-01;4.636599e-01;1.310568e-01
8.400750e-08;3.612021e+04;4.081237e-01;4.635776e-01;1.282983e-01
8.410043e-08;3.612295e+04;4.091403e-01;4.618002e-01;1.290590e-01
8.419336e-08;3.612233e+04;4.098374e-01;4.646104e-01;1.255525e-01
8.428629e-08;3.612274e+04;4.080903e-01;4.616309e-01;1.302785e-01
8.437922e-08;3.612268e+04;4.078919e-01;4.631900e-01;1.289180e-01
8.447214e-08;3.612016e+04;4.109846e-01;4.627557e-01;1.262598e-01
8.456507e-08;3.612437e+04;4.097267e-01;4.590454e-01;1.312276e-01
8.465800e-08;3.612131e+04;4.092573e-01;4.637306e-01;1.270123e-01
8.475093e-08;3.611680e+04;4.057626e-01;4.626940e-01;1.315434e-01
8.484386e-08;3.611580e+04;4.053757e-01;4.670404e-01;1.275841e-01
8.493679e-08;3.611926e+04;4.122609e-01;4.621356e-01;1.256032e-01
8.502972e-08;3.612377e+04;4.111584e-01;4.590543e-01;1.297875e-01
8.512265e-08;3.612251e+04;4.135107e-01;4.622886e-01;1.242008e-01
8.521557e-08;3.611910e+04;4.099118e-01;4.640192e-01;1.260691e-01
8.530850e-08;3.612177e+04;4.073373e-01;4.596463e-01;1.330162e-01
8.540143e-08;3.612247e+04;4.096066e-01;4.613404e-01;1.290526e-01
8.549436e-08;3.612198e+04;4.117414e-01;4.600445e-01;1.282141e-01
8.558729e-08;3.612027e+04;4.097013e-01;4.654287e-01;1.248698e-01
8.568022e-08;3.612538e+04;4.135846e-01;4.624762e-01;1.239390e-01
8.577315e-08;3.612496e+04;4.089633e-01;4.646090e-01;1.264277e-01
8.586607e-08;3.612062e+04;4.060541e-01;4.642537e-01;1.296921e-01
8.595900e-08;3.611954e+04;4.067550e-01;4.668517e-01;1.263933e-01
8.605193e-08;3.612356e+04;4.071388e-01;4.687189e-01;1.241426e-01
8.614486e-08;3.612334e+04;4.053527e-01;4.647282e-01;1.299184e-01
8.623779e-08;3.612623e+04;4.042425e-01;4.630109e-01;1.327475e-01
8.633072e-08;3.612605e+04;4.063046e-01;4.673733e-01;1.263220e-01
8.642365e-08;3.612620e+04;4.082851e-01;4.666252e-01;1.250898e-01
8.651658e-08;3.612607e+04;4.123112e-01;4.593015e-01;1.283878e-01
8.660950e-08;3.612581e+04;4.065134e-01;4.604170e-01;1.330694e-01
8.670243e-08;3.612453e+04;4.054754e-01;4.655554e-01;1.289691e-01
8.679536e-08;3.612922e+04;4.039996e-01;4.653009e-01;1.306999e-01
8.688829e-08;3.613171e+04;3.997002e-01;4.691830e-01;1.311162e-01
8.698122e-08;3.613065e+04;4.109276e-01;4.640692e-01;1.250033e-01
8.707415e-08;3.613043e+04;4.134336e-01;4.608122e-01;1.257542e-01
8.716708e-08;3.613421e+04;4.047718e-01;4.665695e-01;1.286584e-01
8.726000e-08;3.613387e+04;4.084767e-01;4.643907e-01;1.271322e-01
8.735293e-08;3.613410e+04;4.071404e-01;4.643595e-01;1.285004e-01
8.744586e-08;3.613316e+04;4.135830e-01;4.608463e-01;1.255706e-01
8.753879e-08;3.613070e+04;4.110238e-01;4.648273e-01;1.241493e-01
8.763172e-08;3.613162e+04;4.118325e-01;4.595663e-01;1.286009e-01
8.772465e-08;3.612447e+04;4.107948e-01;4.578275e-01;1.313775e-01
8.781758e-08;3.612503e+04;4.126054e-01;4.593337e-01;1.280605e-01
8.791050e-08;3.612493e+04;4.118136e-01;4.576486e-01;1.305372e-01
8.800343e-08;3.612331e+04;4.075562e-01;4.574901e-01;1.349533e-01
8.809636e-08;3.611957e+04;4.062523e-01;4.577339e-01;1.360141e-01
8.818929e-08;3.612027e+04;4.110866e-01;4.606804e-01;1.282333e-01
8.828222e-08;3.612028e+04;4.128930e-01;4.639658e-01;1.231412e-01
8.837515e-08;3.612503e+04;4.163583e-01;4.642457e-01;1.193962e-01
8.846808e-08;3.612203e+04;4.110048e-01;4.612248e-01;1.277708e-01
8.856101e-08;3.612172e+04;4.115363e-01;4.603693e-01;1.280945e-01
8.865393e-08;3.613104e+04;4.119292e-01;4.644956e-01;1.235751e-01
8.874686e-08;3.613186e+04;4.110644e-01;4.652394e-01;1.236964e-01
8.883979e-08;3.613601e+04;4.015961e-01;4.642570e-01;1.341469e-01
8.893272e-08;3.613680e+04;4.028036e-01;4.587733e-01;1.384234e-01
8.902565e-08;3.613795e+04;4.124695e-01;4.572255e-01;1.303050e-01
8.911858e-08;3.614009e+04;4.131410e-01;4.633638e-01;1.234955e-01
8.921151e-08;3.614019e+04;4.148107e-01;4.588924e-01;1.262969e-01
8.930443e-08;3.614456e+04;4.125861e-01;4.625712e-01;1.248432e-01
8.939736e-08;3.614230e+04;4.127154e-01;4.623391e-01;1.249456e-01
8.949029e-08;3.613877e+04;4.061324e-01;4.641224e-01;1.297450e-01
8.958322e-08;3.613668e+04;4.023381e-01;4.662584e-01;1.314036e-01
8.967615e-08;3.613961e+04;4.087254e-01;4.619101e-01;1.293645e-01
8.976908e-08;3.613632e+04;4.003405e-01;4.644532e-01;1.352062e-01
8.986201e-08;3.613765e+04;3.999800e-01;4.647812e-01;1.352385e-01
8.995494e-08;3.613745e+04;4.081251e-01;4.620075e-01;1.298670e-01
9.004786e-08;3.614423e+04;4.085073e-01;4.650786e-01;1.264140e-01
9.014079e-08;3.614043e+04;4.038718e-01;4.675382e-01;1.285904e-01
9.023372e-08;3.613541e+04;4.059775e-01;4.620934e-01;1.319288e-01
9.032665e-08;3.613593e+04;4.071026e-01;4.606733e-01;1.322239e-01
9.041958e-08;3.613533e+04;4.088448e-01;4.588147e-01;1.323406e-01
9.051251e-08;3.613568e+04;4.150018e-01;4.538044e-01;1.311938e-01
9.060544e-08;3.613711e+04;4.120272e-01;4.583196e-01;1.296533e-01
9.069836e-08;3.613904e+04;4.093671e-01;4.645879e-01;1.260444e-01
9.079129e-08;3.614515e+04;4.052018e-01;4.570215e-01;1.377767e-01
9.088422e-08;3.614394e+04;4.084992e-01;4.603857e-01;1.311150e-01
9.097715e-08;3.614996e+04;4.021756e-01;4.639921e-01;1.338324e-01
9.107008e-08;3.614596e+04;4.076726e-01;4.642450e-01;1.280825e-01
9.116301e-08;3.614984e+04;4.097187e-01;4.590164e-01;1.312649e-01
9.125594e-08;3.615131e+04;4.070333e-01;4.620245e-01;1.309419e-01
9.134886e-08;3.615013e+04;4.079063e-01;4.643593e-01;1.277347e-01
9.144179e-08;3.614750e+04;4.096240e-01;4.600468e-01;1.303290e-01
9.153472e-08;3.614622e+04;4.023521e-01;4.613135e-01;1.363347e-01
9.162765e-08;3.614477e+04;4.037393e-01;4.645950e-01;1.316657e-01
9.172058e-08;3.614882e+04;4.056480e-01;4.666272e-01;1.277246e-01
9.181351e-08;3.614284e+04;4.146965e-01;4.591041e-01;1.261998e-01
9.190644e-08;3.614234e+04;4.038391e-01;4.649372e-01;1.312240e-01
9.199937e-08;3.613754e+04;4.105877e-01;4.619103e-01;1.275021e-01
9.209229e-08;3.614212e+04;4.056845e-01;4.655047e-01;1.288108e-01
9.218522e-08;3.613894e+04;4.134902e-01;4.631949e-01;1.233149e-01
9.227815e-08;3.613772e+04;4.124890e-01;4.614837e-01;1.260274e-01
9.237108e-08;3.613267e+04;4.117789e-01;4.590838e-01;1.291373e-01
9.246401e-08;3.613667e+04;4.040657e-01;4.592690e-01;1.366654e-01
9.255694e-08;3.613368e+04;4.107451e-01;4.609767e-01;1.282785e-01
9.264987e-08;3.613382e+04;4.081603e-01;4.705306e-01;1.213092e-01
9.274279e-08;3.612618e+04;4.069891e-01;4.652455e-01;1.277651e-01
9.283572e-08;3.612283e+04;4.074456e-01;4.665179e-01;1.260367e-01
9.292865e-08;3.612429e+04;4.078133e-01;4.685108e-01;1.236761e-01
9.302158e-08;3.612605e+04;4.063379e-01;4.619277e-01;1.317345e-01
9.311451e-08;3.611525e+04;4.125671e-01;4.604402e-01;1.269925e-01
9.320744e-08;3.611884e+04;4.112768e-01;4.645852e-01;1.241384e-01
9.330037e-08;3.611971e+04;4.070555e-01;4.691294e-01;1.238155e-01
9.339330e-08;3.611345e+04;4.072260e-01;4.676993e-01;1.250748e-01
9.348622e-08;3.610891e+04;4.067761e-01;4.684436e-01;1.247798e-01
9.357915e-08;3.610939e+04;4.099304e-01;4.646823e-01;1.253872e-01
9.367208e-08;3.610701e+04;4.095803e-01;4.637237e-01;1.266962e-01
9.376501e-08;3.610475e+04;4.063281e-01;4.629598e-01;1.307120e-01
9.385794e-08;3.610118e+04;4.079899e-01;4.584517e-01;1.335583e-01
9.395087e-08;3.610650e+04;4.077390e-01;4.658983e-01;1.263624e-01
9.404380e-08;3.609984e+04;4.115030e-01;4.628635e-01;1.256334e-01
9.413672e-08;3.609547e+04;4.082745e-01;4.675905e-01;1.241347e-01
9.422965e-08;3.609642e+04;4.085726e-01;4.630724e-01;1.283547e-01
9.432258e-08;3.609928e+04;4.071353e-01;4.695430e-01;1.233217e-01
9.441551e-08;3.609723e+04;4.082245e-01;4.692592e-01;1.225164e-01
9.450844e-08;3.609586e+04;4.096476e-01;4.621603e-01;1.281922e-01
9.460137e-08;3.609604e+04;4.130587e-01;4.587118e-01;1.282297e-01
9.469430e-08;3.609451e+04;4.095197e-01;4.654099e-01;1.250709e-01
9.478723e-08;3.609452e+04;4.088513e-01;4.633252e-01;1.278236e-01
9.488015e-08;3.609754e+04;4.078417e-01;4.627173e-01;1.294407e-01
9.497308e-08;3.609404e+04;4.089566e-01;4.663281e-01;1.247151e-01
9.506601e-08;3.609097e+04;4.067462e-01;4.631485e-01;1.301054e-01
9.515894e-08;3.608356e+04;4.056338e-01;4.682788e-01;1.260868e-01
9.525187e-08;3.608784e+04;4.080811e-01;4.612265e-01;1.306923e-01
9.534480e-08;3.608518e+04;4.058670e-01;4.592315e-01;1.349018e-01
9.543773e-08;3.607891e+04;4.083706e-01;4.631735e-01;1.284556e-01
9.553065e-08;3.608054e+04;4.052003e-01;4.663559e-01;1.284439e-01
9.562358e-08;3.608168e+04;4.102612e-01;4.640644e-01;1.256744e-01
9.571651e-08;3.607930e+04;4.041957e-01;4.678812e-01;1.279233e-01
9.580944e-08;3.607845e+04;4.085410e-01;4.622840e-01;1.291747e-01
9.590237e-08;3.606987e+04;4.072022e-01;4.645291e-01;1.282682e-01
9.599530e-08;3.607279e+04;4.042496e-01;4.643317e-01;1.314186e-01
